 create database library;
 use library;
 create table student(stud_no int,stud_name varchar(10));
 create table membership(mem_no int,stud_no int);
 create table book(book_no int,book_name varchar(100),author varchar(100));
 create table iss_rec_(iss_no int,iss_date date,mem_no int,book_no int);
 alter table student add primary key (stud_no);
 alter table membership add primary key (mem_no);
 alter table book add primary key (book_no);
 alter table iss_rec_ add primary key (iss_no);
 alter table membership add foreign key(stud_no)  references student(stud_no);
 alter table iss_rec_ add foreign key(mem_no) references membership(mem_no);
 alter table iss_rec_ add foreign key(book_no) references book(book_no);
 insert into student values(1001,"vipul");
 insert into student values(1002,"Kartik");
 insert into student values(1003,"Vanshika");
 insert into student values(1004,"Tarun");
 insert into student values(1005,"Ayush");
 insert into student values(1006,"Sahil");
 insert into student values(1007,"Sarthak");
 insert into student values(1008,"Paesha");
 insert into student values(1009,"Gagan");
 insert into student values(1010,"Vedant");
 insert into membership values(1,1001);
 insert into membership values(2,1002);
 insert into membership values(3,1003);
 insert into membership values(4,1004);
 insert into membership values(5,1005);
 insert into membership values(6,1006);
 insert into membership values(7,1007);
 insert into membership values(8,1008);
 insert into membership values(9,1009);
 insert into membership values(10,1010);
 insert into book values(01,"harry potter and the philosopher's stone","jk rowling"); 
 insert into book values(02,"harry potter and the goblet of fire","jk rowling");
 insert into book values(03,"Percy Jackson & the Olympians: The Lightning Thief","Rick Riordan");
 insert into book values(04,"Percy Jackson and the Last Olympian","Rick Riordan");
 insert into book values(05,"heroes of olympus the lost hero","Rick Riordan");
 insert into book values(06,"James Cameron's Titanic","Ed W. Marsh");
 insert into book values(07,"Endless Night","Agatha Christie");
 insert into book values(08,"The Maze Runner","James Dashner");
 insert into book values(09,"The Notebook","Nicholas Sparks");
 insert into book values(10,"something i never told you","Shravya Bhinder");
 insert into iss_rec_ values(11001,"2021-3-23",1,2);
 insert into iss_rec_ values(11002,"2021-3-27",1,9);
 insert into iss_rec_ values(11003,"2021-4-2",3,2);
 insert into iss_rec_ values(11004,"2021-4-5",3,4);
 insert into iss_rec_ values(11005,"2021-4-9",2,1);
 insert into iss_rec_ values(11006,"2021-4-19",2,10);
 insert into iss_rec_ values(11007,"2021-4-20",4,1);
 insert into iss_rec_ values(11008,"2021-4-25",4,6);
 insert into iss_rec_ values(11009,"2021-5-5",1,6);
 insert into iss_rec_ values(11010,"2021-5-5",10,6);
 insert into iss_rec_ values(11011,"2021-5-6",10,10);
 insert into iss_rec_ values(11012,"2021-5-9",9,1);
 insert into iss_rec_ values(11013,"2021-5-12",8,6);
 insert into iss_rec_ values(11014,"2021-5-12",8,10);

